experience,test_score,interview,salary
4,7,7,57263.269168471124
6,8,8,67476.59886446949
7,8,9,72546.35044585771
